from,to,distance_meters,walk_minutes,slope_percent,transfers,crowding
JIEFANGBEI,HONGYADONG,850,11,4.5,0,5
JIEFANGBEI,CHAO_TIAN_MEN,1400,19,3.0,0,4
JIEFANGBEI,THREE_GORGES_MUSEUM,3100,41,5.0,0,3
THREE_GORGES_MUSEUM,PEOPLE_GREAT_HALL,300,4,1.0,0,3
PEOPLE_GREAT_HALL,ELINGPARK,5600,75,6.0,0,2
ELINGPARK,LIZIBA,4600,61,5.0,0,3
LIZIBA,CHONGQING_ZOO,7200,96,3.0,0,4
ELINGPARK,CIFENGLOU,8200,109,4.0,0,5
CIFENGLOU,CIQIKOU_BACKHILL,450,6,6.0,0,2
CIQIKOU_BACKHILL,ELINGPARK,8500,113,4.0,0,2
HONGYADONG,CHAO_TIAN_MEN,750,10,2.0,0,4
HONGYADONG,NANSHAN,5200,69,9.0,1,4
CHAO_TIAN_MEN,NANSHAN,4800,64,9.0,1,4
JIEFANGBEI,NANSHAN,5500,73,9.0,1,4
CHONGQING_ZOO,CIFENGLOU,11000,147,3.0,1,4
CHONGQING_ZOO,ELINGPARK,3800,51,6.0,0,3
JINYUN_MOUNTAIN,CHONGQING_ZOO,47000,627,5.0,1,2
JINYUN_MOUNTAIN,CIFENGLOU,38000,507,6.0,1,2
